"DESCRIPTION","DURATION IN MS","NAME","PARENT SUITE","START TIME","STATUS","STOP TIME","SUB SUITE","SUITE","TEST CLASS","TEST METHOD"
"","500","测试用例_1","","2026-01-21","passed","2026-01-21","","","",""
"","500","测试用例_3","","2026-01-21","passed","2026-01-21","","","",""
"","500","测试用例_6","","2026-01-21","passed","2026-01-21","","","",""
"","500","测试用例_4","","2026-01-21","passed","2026-01-21","","","",""
"","500","测试用例_16","","2026-01-21","failed","2026-01-21","","","",""
"","500","测试用例_17","","2026-01-21","failed","2026-01-21","","","",""
"","500","测试用例_14","","2026-01-21","passed","2026-01-21","","","",""
"","500","测试用例_7","","2026-01-21","passed","2026-01-21","","","",""
"","500","测试用例_13","","2026-01-21","passed","2026-01-21","","","",""
"","500","测试用例_2","","2026-01-21","passed","2026-01-21","","","",""
"","500","测试用例_11","","2026-01-21","passed","2026-01-21","","","",""
"","500","测试用例_5","","2026-01-21","passed","2026-01-21","","","",""
"","500","测试用例_9","","2026-01-21","passed","2026-01-21","","","",""
"","500","测试用例_10","","2026-01-21","passed","2026-01-21","","","",""
"","500","测试用例_15","","2026-01-21","passed","2026-01-21","","","",""
"","500","测试用例_18","","2026-01-21","failed","2026-01-21","","","",""
"","500","测试用例_12","","2026-01-21","passed","2026-01-21","","","",""
"","500","测试用例_8","","2026-01-21","passed","2026-01-21","","","",""
